編號,名稱,拍攝組,配額,賽組,拼音,拉丁,類別,來源,產地,性狀,品質,性味,功效,浸大連結
1,白茅根,A,20,中小學,Baimaogen,Imperatae Rhizoma,根及根莖類,禾本科植物白茅Imperata cylindrica (Linn.) P. Beauv.的乾燥根莖。,主產河南、遼寧、河北、山西、山東、陝西、新疆等北方地區。,根莖長圓柱形，有時分枝，長短不一，長30~60cm，直徑2~4mm。表面黃白色或淡黃色，有光澤，具縱皺紋，環節明顯，節上殘留灰棕色鱗葉及細根，節間長1~3cm。體輕，質韌，折斷面纖維性，黃白色，多具放射狀裂隙，有時中心可見一小孔。氣微，味微甜。,以條粗、色白、味甜者為佳。,甘、寒。,涼血，止血，清熱，利尿。治熱病煩渴，吐血，衄血，肺熱喘急，胃熱噦逆，淋病，小便不利，水腫，黃疸。,https://sys01.lib.hkbu.edu.hk/cmed/mmid/detail.php?sort=name_cht&lang=cht&f_search=1&qry=%E7%99%BD%E8%8C%85%E6%A0%B9&extension=all&pid=B00024
2,巴戟天,A,16,中小學,Bajitian,Morindae Officinalis Radix,根及根莖類,茜草科植物巴戟天Morinda officinalis How.的乾燥根。,主產廣東、廣西、福建、海南等地。,根扁圓柱形式圓柱形，略彎曲，長度不等，直徑1~2cm，表面灰黃色或灰黃棕色，有的微帶紫色，具縱皺及深陷的橫紋，有的呈縊縮狀或皮部橫向斷離而露出木部，形如雞腸。質堅韌，折斷面不平，皮部厚5~7mm，淡紫色，木部直徑2~4mm。氣微，味苦，略澀。,以條肥壯、連珠狀、肉厚、色紫者為佳。,辛、甘，溫。,補腎助陽；強筋壯骨；祛風除濕。用於腎虛陽痿；遺精早洩；少腹冷痛；小便不禁；宮冷不孕；風寒濕痹；腰膝酸軟；風濕肢氣。,https://sys01.lib.hkbu.edu.hk/cmed/mmid/detail.php?sort=name_cht&lang=cht&f_search=1&qry=%E5%B7%B4%E6%88%9F%E5%A4%A9&extension=all&pid=B00033
3,北沙參,A,20,中小學,Beishashen,Glehniae Radix,根及根莖類,傘形科植物珊瑚菜Glehnia littoralis Fr. Schmidt ex Miq.的乾燥根。,主產于山東、江蘇、河北、遼寧等地。,長圓柱形，偶有分枝。表面淡黃白色，偶有外皮殘存，全體有細縱皺紋及縱溝，並有棕黃色點狀細根痕。頂端常留有棕黃色根莖殘基，上端稍細，中部略粗，下部漸細。質脆，易折斷，斷面皮部淺黃白色，木部黃色。氣特異，味微甘。,以枝條細長、圓柱形、均勻、質堅、外皮色白者為佳。,甘，微苦，微寒。,養陰清肺，益胃生津。用於肺熱燥咳、勞嗽痰血、熱病津傷口渴。,https://sys01.lib.hkbu.edu.hk/cmed/mmid/detail.php?sort=name_cht&lang=cht&f_search=1&qry=%E5%8C%97%E6%B2%99%E5%8F%83&extension=all&pid=B00004
4,當歸,A,20,中小學,Danggui,Angelicae Sinensis Radix,根及根莖類,傘形科植物當歸Angelica sinensis (Oliv.) Diels 的乾燥根。,主產甘肅、雲南、青海等地。,全歸長略呈圓柱形，下部有支根3~5條或更多，長15~25cm。外皮細密，表面黃棕色至棕褐色，具縱皺紋及橫長皮孔。根頭 (歸頭) 直徑1.5~4cm，具環紋，上端圓鈍，有紫色或黃綠色的莖及葉鞘的殘基；主根 (歸身) 表面凹凸不平；支根 (歸尾) 直徑0.3~1cm，上粗下細，多扭，有少數鬚根痕。質柔韌，斷面黃白色或淡黃棕色，皮部厚，有裂隙及多數棕色點狀分泌腔，木部色較淡，形成層環黃棕色。木質部色較淡；根莖部分斷面中心通常有髓和空腔。,以主根粗長、油潤、外皮黃棕色、肉質飽滿、香氣濃者為佳。,甘、辛，溫。,補血活血，調經止痛，潤腸通便。用於血虛萎黃、眩暈心悸、月經不調、經閉痛經、虛寒腹痛、腸燥便秘、風濕痹痛、跌撲損傷、癰疽瘡瘍。,https://sys01.lib.hkbu.edu.hk/cmed/mmid/detail.php?sort=name_cht&lang=cht&f_search=1&qry=%E7%95%B6%E6%AD%B8&extension=all&pid=B00049
5,桔梗,A,21,中小學,Jiegeng,Platycodonis Radix,根及根莖類,桔梗科植物桔梗Platycodon grandiflorum (Jacq.) A. DC.的乾燥根。,主產華北、東北等地。,根長圓形或長紡錘形，稍扭曲，下部偶有分支，長6~20cm，直徑1~2cm。表面淡黃白色或淡黃棕色 (未去栓皮者)，皺縮，有扭轉的縱溝及橫長的皮孔斑痕，上部有橫紋；頂端蘆頭 (根莖) 長0.5~4cm，有半月形凹陷的莖痕，呈盤節狀。質堅實，橫斷面淡黃色，角質樣，形成層環棕色，皮部有稀少放射狀裂隙，木部較緊密。氣微，味微甜後苦。飲片性狀：桔梗為不規則圓形厚片，表面白色或淡黃白色，有一淺棕色環，周邊呈淡黃白色，有皺紋。無臭，味微甜後苦。蜜桔梗，形如桔梗生片，表面淡黃色至淡棕黃色，滋潤，微具蜜糖香氣。味甜而後苦。,以條肥大、體堅實、色白者為佳。,苦、辛，平。,宣肺、祛痰、利咽、排膿、利五臟、補氣血、補五勞、養氣。主治咳嗽痰多、咽喉腫痛、肺癰吐膿、胸滿脅痛、痢疾腹痛、口舌生瘡、目赤腫痛、小便癃閉。,https://sys01.lib.hkbu.edu.hk/cmed/mmid/detail.php?sort=name_cht&lang=cht&f_search=1&qry=%E6%A1%94%E6%A2%97&extension=all&pid=B00076
6,麥冬,A,21,中小學,Maidong,Ophiopogonis Radix,根及根莖類,百合科植物麥冬Ophiopogon japonicus (Thunb.) Ker-Gawl.的乾燥塊根。,主產四川、浙江。,浙麥冬塊根紡錘形，長1.5~3.5cm，中部直徑3~7mm。表面土黃色或黃白色，有較深的不規則細縱紋，有時一端有細小中柱外露。質韌，斷面類白色，中央有細小圓形中柱，新鮮時可抽出。氣微香，味微甘、澀，嚼之微有粘性。川麥冬塊根較短小，表面乳白色。質較堅硬，香氣小，味淡，少粘性。,以飽滿、皮細、糖性足、木心細、內外淡黃白色不泛油者為佳。,甘、微苦，涼。,滋陰生津、潤肺止咳、清心除煩。主治熱病傷津、心煩、口渴、咽乾肺熱、咳嗽、肺結核。,https://sys01.lib.hkbu.edu.hk/cmed/mmid/detail.php?sort=name_cht&lang=cht&f_search=1&qry=%E9%BA%A5%E5%86%AC&extension=all&pid=B00084
7,浙貝母,A,21,中學,Zhebeimu,Fritillariae Thunbergii Bulbus,根及根莖類,百合科植物浙貝母Fritillaria thunbergii Miq.的乾燥鱗莖。,主產浙江、江蘇、安徽、湖南等地。,元寶貝為鱗莖外層的單瓣鱗片。一面凸出，一面凹入，呈元寶狀，瓣長約1.7~4cm，厚7~17mm。表面白色，或帶淡黃色，被有白色粉末，質硬而脆，易折斷，斷面不齊，白色或淡黃色，富粉性。氣微，味苦。珠貝為完整的鱗莖，呈扁圓球形，高1~1.7cm，直徑2~3.5cm。表面白色，外層兩枚鱗葉肥厚，略似腎臟形，中央為2~3枚皺縮的小鱗葉及殘莖，內表面墾淡黃白色。質地、氣味同元寶貝。,均以鱗葉肥厚、表面及斷面白色、粉性足者為佳。,苦，寒。,清熱化痰，散結解毒。治風熱咳嗽，肺癰喉痹，瘰鬁，瘡瘍腫毒。,https://sys01.lib.hkbu.edu.hk/cmed/mmid/detail.php?sort=name_cht&lang=cht&f_search=1&qry=%E6%B5%99%E8%B2%9D%E6%AF%8D&extension=all&pid=B00124
8,鉤藤,A,8,中學,Gouteng,Uncariae Ramulus cum Uncis,藤木類,茜草科植物鉤藤Uncaria rhynchophylla (Miq.) Jacks.的乾燥帶鉤莖枝。,主產於廣東、廣西、湖南、湖北等地。,莖枝圓柱形或類方柱形，直徑2~6mm。表面紅棕色至紫棕色或棕褐色，上有細縱紋，無毛。莖上具略突起的環節，對生兩個向下彎曲的鉤或僅一側有鉤，鉤長1~2cm，形如船鋪，先端漸尖，基部稍圓。鉤基部的枝上可見葉柄脫落後凹點及環狀的托葉痕。體輕，質硬。橫截面外層棕紅色，髓部淡棕色或淡黃色。氣微，味淡。,以莖細、帶雙鉤、鉤結實、光滑、紫紅色者為佳。,甘，涼。,清熱平肝；熄風止痙。小兒驚風；夜啼；熱盛動風；子癇；肝陽眩暈；肝火頭脹痛。,https://sys01.lib.hkbu.edu.hk/cmed/mmid/detail.php?sort=name_cht&lang=cht&f_search=1&qry=%E9%89%A4%E8%97%A4&extension=all&pid=B00133
9,雞血藤,A,8,中小學,Jixueteng,Spatholobi Caulis,藤木類,豆科植物密花豆Spatholobus suberectus Dunn的乾燥藤莖。,主產于雲南、廣西、廣東等地。,該品為橢圓形、長矩圓形或不規則的斜切片，厚0.3~1cm。栓皮灰棕色，有的可見灰白色斑，栓皮脫落處現紅棕色。切面木部紅棕色或棕色，導管孔多數；韌皮部有樹脂狀分泌物呈紅棕色至黑棕色，與木部相間排列呈3~8個偏心性半圓形環；骨部偏向一側。質堅硬。氣微，味澀。,以樹脂分泌物多者為佳。,苦、甘，溫。,補血，活血，通絡。用於月經不調，血虛萎黃，麻木癱瘓，風濕痹痛。,https://sys01.lib.hkbu.edu.hk/cmed/mmid/detail.php?sort=name_cht&lang=cht&f_search=1&qry=%E9%9B%9E%E8%A1%80%E8%97%A4&extension=all&pid=B00141
10,杜仲,A,20,中學,Duzhong,Eucommiae Cortex,皮類,杜仲科植物杜仲Eucommia ulmoides Oliv.的乾燥樹皮。,主產貴州、四川、陝西、湖北等地。,乾燥樹皮，為平坦的板片狀或卷片狀，大小厚薄不一，一般厚約3~10mm，長約40~100cm。外表面灰棕色，粗糙，有不規則縱裂槽紋及斜方形橫裂皮孔，有時可見淡灰色地衣斑。但商品多已削去部分糙皮，故外表面淡棕色，較平滑。內表面光滑，暗紫色。質脆易折斷，斷面有銀白色絲狀物相連，細密，略有伸縮性。氣微，味稍苦，嚼之有膠狀殘餘物。,以皮厚而大，糙皮刮淨，外面黃棕色，內面黑褐色而光，折斷時白絲多者為佳。,甘，溫。,補肝腎，強筋骨，安胎。治腰脊酸疼，足膝痿弱，小便余瀝，陰下濕癢，胎漏欲墮，胎動不安，高血壓。,https://sys01.lib.hkbu.edu.hk/cmed/mmid/detail.php?sort=name_cht&lang=cht&f_search=1&qry=%E6%9D%9C%E4%BB%B2&extension=all&pid=B00344
11,肉桂,A,20,中小學,Rougui,Cinnamomi Cortex,皮類,樟科植物肉桂Cinnamomum cassia Presl的乾燥樹皮。,主產廣東、廣西、福建、海南等地。,企邊桂：呈長片狀槽狀形，左右兩邊向內捲曲，卷邊呈半筒形，槽的中心略凸起，外皮下凹，長43cm左右，寬4~6cm，外皮棕灰白色或棕褐色，兩端各有5mm削去栓皮的斜面呈棕色。全體有不規則的橫生皮孔和多數微突起的小瘤點。偶有略突起的橫紋及灰綠色花紋 (苔蘚類植物著生後留下的痕跡，俗稱彩皮) 。內表面暗紅棕色或棕色，光潔，用指甲刮劃時可見深棕色油紋。氣芳香濃烈，味甜辣。板桂：呈板片狀，兩邊稍向內彎曲，長43cm，寬13~15cm，厚0.6cm，外皮粗糙，灰褐色；內皮暗紫色，斷面油層棕褐色，外層棕紅色，一般油少渣多，香氣及甜辣味較淡。油桂：呈半邊竹筒狀槽形，兩端略呈斜面，長43cm，外表呈灰棕色或棕褐色，常有灰綠色花斑 (彩皮)，內表皮暗棕色，質硬而脆，斷面內層油層集中分明，稍有光澤，黑色或棕褐色，外層紫紅色，氣味濃烈，味甜辛。桂通：呈雙圓筒形或圓筒形，長35cm，厚0.1~0.3cm，外表灰棕色，有細皺紋及小裂，皮孔橢圓形，偶有凸起橫紋及灰色花紋。內表皮暗棕色。質硬而脆，斷面紫紅色或棕紅色，氣香，味甜辣。又名“桂皮”、“桂爾通”。桂心：形態與桂通相同，只是外表的栓皮層已被刮除乾淨，內外皮均呈棕黃色。桂碎：大小不規則片塊狀或短捲筒狀，外皮灰棕色，斷面和內皮呈棕色或棕褐色，氣香，味甜辣。,以完整不碎、皮厚體重、外表面具細皺紋，油性大、香氣濃者為佳。,辛、甘，大熱。,補火助陽，引火歸源，散寒止痛，活血通經。暖脾胃，除積冷，通血脈。治命門火衰，肢冷脈微，亡陽虛脫，腹痛泄瀉，寒疝奔豚，腰膝冷痛，經閉症瘕，陰疽，流注，及虛陽浮越，上熱下寒。,https://sys01.lib.hkbu.edu.hk/cmed/mmid/detail.php?sort=name_cht&lang=cht&f_search=1&qry=%E8%82%89%E6%A1%82&extension=all&pid=B00351
12,百合,A,10,中小學,Baihe,Lilii Bulbus,葉類,百合科植物卷丹Lilium lancifolium Thunb.、百合Lilium brownii F. E. Brown var. viridulum Baker 或細葉百合Lilium pumilum DC. 的乾燥肉質鱗葉。,主產于四川、雲南、貴州、湖南、湖北、陝西等地區。,卷丹：鱗葉長2~3.5cm，寬1.5~3cm，厚1~3cm，表面乳白色或淡黃棕色，有縱直的脈紋3~8條，質硬而脆；折斷，斷面平坦，角質樣。無臭，味微苦。百合：鱗葉呈長橢圓形，頂端尖，基部較寬，微波狀，向內捲曲，長1.5~3cm，寬0.5~1cm，厚約4mm，有脈3~5條，有的不明顯。表面白色或淡黃色，光滑半透明，質硬而脆，易折斷，斷面平坦，角質樣，無臭，味苦。細葉百合：鱗葉長約5.5cm，寬約2.5cm，厚至3.5mm，色較暗，脈紋不太明顯。,以瓣勻肉厚、色黃白、質堅、筋少者為佳。,甘，寒。,養陰潤肺，清心安神。用於陰虛久咳，痰中帶血，虛煩驚悸，失眠多夢，精神恍惚。,https://sys01.lib.hkbu.edu.hk/cmed/mmid/detail.php?sort=name_cht&lang=cht&f_search=1&qry=%E7%99%BE%E5%90%88&extension=all&pid=B00340
13,枇杷葉,A,8,中學,Pipaye,Eriobotryae Folium,葉類,薔薇科植物枇杷Eriobotrya japonica (Thunb.) Lindl.的乾燥葉。,主產于長江以南各地區。,葉片長橢圓形，長12~30cm，寬4~9cm。上表面淡棕綠色、黃綠色或紅棕色，有光澤。下表面灰綠色或棕黃色，密佈灰棕色絨毛。葉脈呈羽毛狀兩側斜生，中間主脈呈棕黃或棕紅色，顯著突起。葉先端漸尖，周邊有疏鋸齒。葉柄極短，被黃棕色或棕黑色絨毛。葉厚革質，質脆易碎。微有清香氣，味微苦。,以完整、葉厚、色綠者佳。,苦，微寒。,清肺止咳，降逆止嘔。 肺熱咳嗽，氣逆喘急，胃熱嘔吐，噦逆。,https://sys01.lib.hkbu.edu.hk/cmed/mmid/detail.php?sort=name_cht&lang=cht&f_search=1&qry=%E6%9E%87%E6%9D%B7%E8%91%89&extension=all&pid=B00333
14,丁香,B,10,中小學,Dingxiang,Caryophylli Flos,花類,桃金娘科植物丁香Eugenia caryophyllata Thunb.的乾燥花蕾。,主產於坦桑尼亞的桑吉巴島以及馬來西亞、印尼等地。我國海南、廣東有栽培。,乾燥的花蕾略呈短棒狀，長1.5~2cm，紅棕色至暗棕色；下部為圓柱狀略扁的萼管，長1~1.3cm，寬約5mm，厚約3mm，基部漸狹小，表面粗糙，刻之有油滲出，萼管上端有4片三角形肥厚的萼；上部近圓球形，徑約6mm，具花瓣4片，互相抱合。將花蕾剖開，可見多數雄蕊，花絲向中心彎曲，中央有一粗壯直立的花柱，質堅實而重，入水即沉；斷面有油性，用指甲劃之可見油質滲出；氣強烈芳香，味辛。,以個大、粗壯、鮮紫棕色、香氣強烈、油多者為佳。,甘，溫。,暖胃，溫腎。治胃寒痛脹、呃逆、吐瀉、痹痛、疝痛、口臭、牙痛。,https://sys01.lib.hkbu.edu.hk/cmed/mmid/detail.php?sort=name_cht&lang=cht&f_search=1&qry=%E4%B8%81%E9%A6%99&extension=all&pid=B00299
15,夏枯草,B,15,中小學,Xiakucao,Prunellae Spica,花類,唇形科植物夏枯草Prunella vulgaris L.的乾燥果穗。,主產於江蘇、安徽、河南等地。,該品呈棒狀，略扁，長1.5~8cm，直徑0.8~1.5cm，淡棕色至棕紅色。全穗由數輪至10數輪宿萼與苞片組成，每輪有對生苞片2 片，呈扇形，先端尖尾狀，脈紋明顯，外表面有白毛。每一苞片內有花3 朵，花冠多已脫落，宿萼二唇形，內有小堅果4枚，卵圓形，棕色，尖端有白色突起。體輕質脆，微有清香氣，味淡。,以色紫褐、穗大者為佳。,辛、苦，寒。,清火明目，散結消腫。治目赤腫痛、頭痛、瘰鬁、癭瘤、乳癰腫痛。,https://sys01.lib.hkbu.edu.hk/cmed/mmid/detail.php?sort=name_cht&lang=cht&f_search=1&qry=%E5%A4%8F%E6%9E%AF%E8%8D%89&extension=all&pid=B00313
16,菊花,B,15,中小學,Juhua,Chrysanthemi Flos,花類,菊科植物菊Chrysanthemum morifolium Ramat.的乾燥頭狀花序。按產地和加工方法不同分為“杭菊”、“亳菊”、“貢菊”、“滁菊”。,主產於浙江、安徽等地。,杭菊：花序扁球形、不規則球形或稍壓扁，直徑多1.5~4cm。總苞由3~4層苞片組成，週邊為數層舌狀花，類白色或黃色，中央為管狀花。氣清香，味甘、微苦。亳菊：呈倒圓錐形或圓筒形，有時稍壓扁呈扇狀，直徑1.5~3cm。離散。舌狀花位於週邊，雌性，類白色或淡黃白色，勁直，上舉。散生金黃色腺點。管狀花多數，兩性，位於中央，常為舌狀花所隱藏，黃色，頂端5齒裂。體輕，質柔潤。氣清香，味甘，微苦。貢菊：舌狀花白色或類白色，總苞碟狀；總苞片4~5層，三角狀卵形，綠色，蒂綠，花心小，均勻不散朵，質柔軟，氣芳香，味甘微苦。滁菊：呈不規則球形或扁球形，直徑1.5~2.5cm，舌狀花類白色，不規則扭曲，內卷，邊緣皺縮，有時可見淡褐色的腺點，管狀花大多隱藏。是菊花中花瓣最為緊密的一種。,以花朵完整、顏色鮮豔、清香者為佳。,苦，微寒。,清熱解毒，平肝明目；疏風散熱。,https://sys01.lib.hkbu.edu.hk/cmed/mmid/detail.php?sort=name_cht&lang=cht&f_search=1&qry=%E8%8F%8A%E8%8A%B1&extension=all&pid=B00306
17,白扁豆,C,10,中學,Baibiandou,Lablab Semen Album,果實及種子類,豆科植物白扁豆Dolichos lablab L.的乾燥成熟種子。,主產於安徽、陝西、湖南、河南等地。,種子扁橢圓形或扁卵圓形，長0.8~1.3cm，寬6~9mm，厚約7mm。表面淡黃白色或淡黃色，平滑，稍有光澤，有的可見棕褐色斑點，一側邊緣有隆起的白色半月形種阜。長7~10mm，剝去後可見凹陷的種臍，緊接種阜的一端有珠孔，另端有種脊。質堅硬，種皮薄而脆，子葉2片，肥厚，黃白色。氣微，味淡，嚼之有豆腥氣。,以粒大、飽滿、色白者為佳。,甘，微溫。,補脾和中，化濕消暑。用於脾胃虛弱、食欲不振、大便溏瀉、白帶過多、暑濕吐瀉、胸悶腹脹。,https://sys01.lib.hkbu.edu.hk/cmed/mmid/detail.php?sort=name_cht&lang=cht&f_search=1&qry=%E7%99%BD%E6%89%81%E8%B1%86&extension=all&pid=B00152
18,草果,B,8,中小學,Caoguo,Tsaoko Fructus,果實及種子類,薑科植物草果Amomum tsao-ko Crevost et Lemaire的乾燥成熟果實。,主產於貴州、廣西、雲南等地。,果實橢圓形，長2~4.5cm，直徑1~2.5cm，表面棕色或紅棕色，具3鈍棱及明顯的縱溝及棱線，先端有圓形突起的柱基，基部有果柄或果柄痕，果皮堅韌，內分3室，每室含種子7~24粒，種子集結成團。種子多面形，直徑5~7mm，黃棕色或紅棕色，具灰白色膜質假種皮，中央有凹陷合點，較狹端腹面有圓窩狀種臍，種脊凹陷成1縱溝。氣芳香，味辛、辣。,以個大、飽滿、色紅棕、氣味濃行為佳。,辛，溫。,燥濕除寒，祛痰截瘧，消食化食。主治瘧疾，痰飲痞滿，脘腹冷痛，反胃，嘔吐，瀉痢，食積。,https://sys01.lib.hkbu.edu.hk/cmed/mmid/detail.php?sort=name_cht&lang=cht&f_search=1&qry=%E8%8D%89%E6%9E%9C&extension=all&pid=B00161
19,佛手,B,8,中學,Foshou,Citri Sarcodactylis Fructus,果實及種子類,芸香科植物佛手Citrus medica L. var. sarcodactylis Swingle.的乾燥果實。,主產兩廣、川渝地區。,該品為類橢圓形或卵圓形的薄片，常皺縮或捲曲。長6~10cm，寬3~7cm，厚0.2~0.4cm。頂端稍寬，常有3~5個手指狀的裂瓣，基部略窄，有的可見果梗痕。外皮黃綠色或橙黃色，有皺紋及油點。果肉淺黃白色，散有凹凸不平的線狀或點狀維管束。質硬而脆，受潮後柔韌。氣香，味微甜後苦。,以片大而薄、黃皮白肉 (廣佛手) 或綠皮白肉 (川佛手) 、氣香甜者為佳。,辛、苦、酸，溫。,舒肝理氣，和胃止痛。用於肝胃氣滯，胸脅脹痛，胃脘痞滿，食少嘔吐。,https://sys01.lib.hkbu.edu.hk/cmed/mmid/detail.php?sort=name_cht&lang=cht&f_search=1&qry=%E4%BD%9B%E6%89%8B&extension=all&pid=B00176
20,枸杞子,C,15,中小學,Gouqizi,Lycii Fructus,果實及種子類,茄科植物寧夏枸杞Lycium barbarum L. 的乾燥成熟果實。,主產于甘肅、寧夏、新疆、內蒙古、青海等地。,呈類紡錘形或橢圓形，表面紅色或暗紅色，項端有小突起狀的花柱痕，基部有白色的果梗痕。果皮柔韌，皺縮；果肉肉質，柔潤。種子20~50粒，類腎形。扁而翹，表面淺黃色或棕黃色。氣微，味甜。,以粒大，色澤鮮亮者為佳。,甘，平。,滋補肝腎，益精明目。,https://sys01.lib.hkbu.edu.hk/cmed/mmid/detail.php?sort=name_cht&lang=cht&f_search=1&qry=%E6%9E%B8%E6%9D%9E%E5%AD%90&extension=all&pid=B00227
21,核桃仁,C,8,中學,Hetaoren,Juglandis Semen,果實及種子類,胡桃科植物胡桃Juglans regia L. 的乾燥成熟種子。,主產于新疆省、河北省、山西省等地。,多破碎，為不規則的塊狀，有皺曲的溝槽，大小不一；完整者類球形。種皮淡黃色或黃褐色，膜狀，維管柬脈紋深棕色，子葉類白色。質脆富油性。氣微，味甘；種皮味澀、微苦。,以色黃、個大、飽滿、油多者為佳。,甘，溫。,補腎，溫肺，潤腸。用於腎陽不足，腰膝酸軟，陽痿遺精，虛寒喘嗽，腸燥便秘。,https://sys01.lib.hkbu.edu.hk/cmed/mmid/detail.php?sort=name_cht&lang=cht&f_search=1&qry=%E6%A0%B8%E6%A1%83%E4%BB%81&extension=all&pid=B00228
22,花椒,B,10,中學,Huajiao,Zanthoxyli Pericarpium,果實及種子類,芸香科植物花椒Zanthoxylum bungeanum Maxim.的乾燥成熟果皮。,主產於四川、陝西、河北、山東等地。,蓇葖果多單生，直徑4~5mm。略呈球狀，裂開為兩瓣。外表面紫紅色或棕紅色，散有多數疣狀突起的油點，直徑0.5~1mm，對光觀察半透明；內表面淡黃色。香氣濃，味麻辣而持久。,以紫紅色、粒大、油性足、香氣濃者為佳。,辛，溫，有小毒。,溫中止痛、殺蟲止癢的功能。生花椒有小毒，辛溫之性甚強，外用殺蟲止癢作用佳。用於疥瘡、濕疹或皮膚瘙癢。,https://sys01.lib.hkbu.edu.hk/cmed/mmid/detail.php?sort=name_cht&lang=cht&f_search=1&qry=%E8%8A%B1%E6%A4%92&extension=all&pid=B00182
23,苦杏仁 / 北杏,C,15,中小學,Kuxingren,Armeniacae Semen Amarum,果實及種子類,薔薇科植物山杏Prunus armeniaca L. var. ansu Masim.、西伯利亞杏Prunus sibirica L.、東北杏Prunus mandshurica (Maxim.) Koehne或杏Prunus armeniaca L.的乾燥成熟種子。,主產遼寧、內蒙古、河北、山東等地。,苦杏仁：呈扁心形，長1~1.9cm，寬0.8~1.5cm，厚0.5~0.8cm。表面黃棕 色至深棕色，一端尖，另端鈍圓，肥厚，左右不對稱。尖端一側有短線形種臍，圓端合點處向上具多數深棕色的脈紋。種皮薄，子葉2，乳白色，富油性。無臭，味苦。甜杏仁：乾燥種子，呈扁心臟形，長1.6~2.1cm，寬1.2~1.6cm，頂端尖，基部圓，左右對稱，種脊明顯，種皮較苦杏仁為厚，淡黃棕色，自合點處分散出許多深棕色脈紋，形成縱向凹紋。斷面白色。子葉接合面常見空隙。氣微，味微甜。,苦杏仁以顆粒均勻、飽滿、完整、味苦者為佳。甜杏仁以顆粒均勻而大、飽滿肥厚、不發油者為佳。,苦杏仁：味苦，微溫。甜杏仁：味甘、性平。,降氣止咳平喘，潤腸通便。用於咳嗽氣喘，胸滿痰多，血虛津枯，腸燥便秘。,https://sys01.lib.hkbu.edu.hk/cmed/mmid/detail.php?sort=name_cht&lang=cht&f_search=1&qry=%E8%8B%A6%E6%9D%8F%E4%BB%81&extension=all&pid=B00216
24,連翹,B,8,中學,Lianqiao,Forsythiae Fructus,果實及種子類,木犀科植物連翹Forsythia suspensa (Thunb.) Vahl 的乾燥果實。果實初熟尚帶綠色時採收稱為青翹，果實熟透顏色發黃時採收稱為黃翹。,主產河南、山西、陝西等地。,黃翹：呈長卵形或卵形，兩端狹尖，多分裂為兩瓣。表面有一條明顯的縱溝和不規則的縱皺紋及凸起小斑點，間有殘留果柄，表面棕黃色，內面淺黃棕色，平滑，內有縱隔。質堅脆。種子多已脫落。氣微香，味苦。青翹：呈狹卵形至卵形，兩端狹尖，多不開裂。表面青綠色，綠褐色，有兩條縱溝和凸起小斑點，內有縱隔。質堅硬。氣芳香，味苦。間有殘留果柄。,黃翹以色黃、瓣大、殼厚者為佳。青翹以色綠、不開裂者為佳。,苦、微寒。,清熱解毒，消腫散結，疏散風熱，有“瘡家聖藥”之稱。治溫熱，丹毒，斑疹，癰瘍腫毒，瘰鬁，小便淋閉，清心火。,https://sys01.lib.hkbu.edu.hk/cmed/mmid/detail.php?sort=name_cht&lang=cht&f_search=1&qry=%E9%80%A3%E7%BF%B9&extension=all&pid=B00190
25,蓮子,C,15,中小學,Lianzi,Nelumbinis Semen,果實及種子類,睡蓮科植物蓮Nelumbo nucifera Gaertn. 的乾燥成熟種子。除去蓮心者稱蓮肉。,主產湖南、湖北、福建、江蘇、浙江、江西等地。,本品略呈橢圓形或類球形，長1.2~1.8cm，直徑0.8~1.4cm。表面淺黃棕色至紅棕色，有細縱紋和較寬的脈紋。一端中心呈乳頭狀突起，深棕色，多有裂口，其周邊略下陷。質硬，種皮薄，不易剝離。子葉2，黃白色，肥厚，中有空隙，具綠色蓮子心。無臭，味甘、微澀；蓮子心味苦。,以個大飽滿者為佳。,甘、澀，平。,補脾止瀉，益腎澀精，養心安神。用於脾虛久瀉，遺精帶下，心悸失眠。,https://sys01.lib.hkbu.edu.hk/cmed/mmid/detail.php?sort=name_cht&lang=cht&f_search=1&qry=%E8%93%AE%E5%AD%90&extension=all&pid=B00245
26,龍眼肉,C,10,中學,Longyanrou,Longan Arillus,果實及種子類,無患子科植物龍眼Dimocarpus longan Lour.的假種皮。,主產福建、廣東、廣西、雲南等地。,為縱向破裂的不規則薄片，常數片粘結。長約1.5cm，寬2~4cm，厚約0.1cm。棕褐色，半透明，外表面皺縮不平，內面光亮而有細縱皺紋。質柔潤。氣微香，味甜。,以片大、肉厚、質細軟、棕黃色者為佳。,甘，溫。,補益心脾，養血安神。用於氣血不足、心悸怔忡、健忘失眠、血虛萎黃。,https://sys01.lib.hkbu.edu.hk/cmed/mmid/detail.php?sort=name_cht&lang=cht&f_search=1&qry=%E9%BE%8D%E7%9C%BC%E8%82%89&extension=all&pid=B00191
27,路路通,B,8,中學,Lulutong,Liquidambaris Fructus,果實及種子類,金縷梅科植物楓香樹Liquidambar formosana Hance的乾燥成熟果序。,主產江蘇、安徽、浙江、福建等地。,本品為聚花果，由多數小蒴果集合而成，呈球形，直徑2~3cm。基部有總果梗 。表面灰棕色或棕褐色，有多數尖刺及喙狀小鈍刺，長0.5~1mm，常折斷，小蒴果頂部開裂，呈蜂窩狀小孔。體輕，質硬，不易破開。氣微，味淡。,以個大、黃色、無果梗者為佳。,苦，平。,祛風活絡，利水通經。用於關節痹痛，麻木拘攣，水腫脹滿，乳少經閉。,https://sys01.lib.hkbu.edu.hk/cmed/mmid/detail.php?sort=name_cht&lang=cht&f_search=1&qry=%E8%B7%AF%E8%B7%AF%E9%80%9A&extension=all&pid=B00192
28,木蝴蝶,B,8,中小學,Muhudie,Oroxyli Semen,果實及種子類,紫葳科植物木蝴蝶Oroxylum indicum (L.) Vent.的乾燥成熟種子。,主產雲南、廣西、貴州等地。,本品為蝶形薄片，除基部外三面延長成寬大菲薄的翅。長5~8cm，寬3.5~4.5cm。表面淺黃白色，翅半透明，有絹絲樣光澤，上有放射狀紋理，邊緣多破裂。體輕，剝去種皮，可見一層薄膜狀的胚乳緊裹於子葉之外。子葉2，蝶形，黃綠色或黃色，長徑1~1.5cm。無臭，味微苦。,以張大、色白、有光澤、翼柔軟如綢者為佳。,苦、甘，涼。,清肺利咽，疏肝和胃。用於肺熱咳嗽，喉痹，音啞，肝胃氣痛。,https://sys01.lib.hkbu.edu.hk/cmed/mmid/detail.php?sort=name_cht&lang=cht&f_search=1&qry=%E6%9C%A8%E8%9D%B4%E8%9D%B6&extension=all&pid=B00250
29,女貞子,C,15,中小學,Nvzhenzi,Ligustri Lucidi Fructus,果實及種子類,木犀科植物女貞Ligustrum lucidum Ait. 的乾燥成熟果實。,主產浙江，江蘇、湖南、福建、廣西、江西、四川等地。,呈卵形、橢圓形或腎形，長6~8.5mm，直徑3.5~5.5mm。表面黑紫色或灰黑色，皺縮不平，基部有果梗痕或具宿萼及短梗。體輕。外果皮薄，中果皮較鬆軟，易剝離，內果皮木質，黃棕色，具縱棱，破開後種子通常為1粒，腎形，紫黑色，油性。無臭，味甘、微苦澀。,以粒大、飽滿、色黑紫者為佳。,甘、苦，涼。,滋補肝腎，明目烏髮。用於眩暈耳鳴，腰膝酸軟，鬚髮早白，目暗不明，內熱消渴、骨蒸潮熱。,https://sys01.lib.hkbu.edu.hk/cmed/mmid/detail.php?sort=name_cht&lang=cht&f_search=1&qry=%E5%A5%B3%E8%B2%9E%E5%AD%90&extension=all&pid=B00252
30,胖大海,B,8,中學,Pangdahai,Sterculiae Lychnophorae Semen,果實及種子類,梧桐科植物胖大海Sterculia lychnophora Hance 的乾燥成熟種子。,主產越南、泰國、印尼、馬來西亞等地。,呈紡錘形或橢圓形，長2~3cm，直徑1~1.5cm。先端鈍圓，基部略尖而歪，具淺色的圓形種臍，表面棕色或暗棕色，微有光澤，具不規則的乾縮皺紋。外層種皮極薄，質脆，易脫落。中層種皮較厚，黑褐色，質松易碎，遇水膨脹成海綿狀。斷面可見散在的樹脂狀小點。內層種皮可與中層種皮剝離，稍革質，內有2片肥厚胚乳，廣卵形；子葉2枚，菲薄，緊貼於胚乳內側，與胚乳等大。氣微，味淡，嚼之有黏性。,以個大、堅質、棕色、有細皺紋及光澤者為佳。,甘，寒。,清熱潤肺，利咽解毒，潤腸通便。用於肺熱聲啞，乾咳無痰，咽喉乾痛，熱結便閉，頭痛目赤。,https://sys01.lib.hkbu.edu.hk/cmed/mmid/detail.php?sort=name_pinyin&lang=cht&qry=%E8%83%96%E5%A4%A7%E6%B5%B7&pid=B00253
31,芡實,C,15,中學,Qianshi,Euryales Semen,果實及種子類,睡蓮科植物芡Euryale ferox Salisb. 的乾燥成熟種仁。,主產於江蘇、湖南、湖北、山東等地。,類球形，多為破粒。表面有棕紅色內種皮，一端黃自色，約占全體1/3、有凹點狀的種臍痕，除去內種皮顯白色。質較硬，斷面白色，粉性。氣微，味淡。,以顆粒飽滿均勻、粉性足、無碎末及皮殼者為佳。,甘、澀。平。,益腎固精，補脾止渭，除濕止帶。用於遺精滑精，遺尿尿頻，脾虛久瀉，自濁，帶下。,https://sys01.lib.hkbu.edu.hk/cmed/mmid/detail.php?sort=name_cht&lang=cht&f_search=1&qry=%E8%8A%A1%E5%AF%A6&extension=all&pid=B00232
32,桑椹,C,10,中學,Sangshen,Mori Fructus,果實及種子類,桑科植物桑Morus alba L.的乾燥果穗。,主產浙江、江蘇、安徽、新疆等地。,該品為聚花果，由多數小核果集合而成，呈長圓形，長1~2cm，直徑0.5~0.8cm。黃棕色、棕紅色至暗紫色，(比較少見的顏色成熟後呈乳白色)，有短果序梗。小核果卵圓形，稍扁，長約2mm，寬約1mm，外具肉質花被片4 枚。氣微，味微酸而甜。,以個大、肉厚、色紫紅、糖分足者為佳。,甘、酸，寒。,補血滋陰，生津潤燥。用於眩暈耳鳴，心悸失眠，鬚髮早白，津傷口渴，內熱消渴，血虛便秘。補肝，益腎，熄風，滋液。治肝腎陰虧，消渴，便秘，目暗，耳鳴，瘰鬁，關節不利。,https://sys01.lib.hkbu.edu.hk/cmed/mmid/detail.php?sort=name_cht&lang=cht&f_search=1&qry=%E6%A1%91%E6%A4%B9&extension=all&pid=B00202
33,山楂,C,15,中小學,Shanzha,Crataegi Fructus,果實及種子類,薔薇科植物山裡紅Crataegus pinnatifida Bge. var. major N. E. Br.或山楂Crataegus pinnatifida Bge.的乾燥成熟果實。,主產河南、河北、山東等地。,果實較小，類球形，直徑0.8~1.4cm，有的壓成餅狀。表面棕色至棕紅色，並有細密皺紋，頂端凹陷，有花萼殘跡，基部有果梗或已脫落。,以果大、肉厚、核少、皮紅者為佳。,甘、酸，微溫。,開胃消食、化滯消積、活血散瘀、化痰行氣。用於肉食滯積、症瘕積聚、腹脹痞滿、瘀阻腹痛、痰飲、泄瀉、腸風下血等。,https://sys01.lib.hkbu.edu.hk/cmed/mmid/detail.php?sort=name_cht&lang=cht&f_search=1&qry=%E5%B1%B1%E6%A5%82&extension=all&pid=B00203
34,使君子,C,8,中小學,Shijunzi,Quisqualis Fructus,果實及種子類,使君子科植物使君子Quisqualis indica L.的乾燥成熟果實。,主產四川、廣東、廣西等地。,呈橢圓形或卵圓形，具5條縱棱，偶有4~9棱，長2.5~4cm，直徑約2cm。表面黑褐色至紫黑色，平滑，微具光澤。頂端狹尖，基部鈍圓，有明顯圓形的果梗痕。質堅硬，橫切面多呈五角星形，棱角處殼較厚，中間呈類圓形空腔。種子長橢圓形或紡錘形，長約2cm，直徑約1cm；表面棕褐色或黑褐色，有多數縱皺紋；種皮薄，易剝離；子葉2，黃白色，有油性，斷面有裂紋。微香，味微甜。,以個大、表面具紫褐色光澤、仁飽滿、色白者為佳。,甘，溫。,殺蟲消積。用於蛔蟲、蟯蟲病，蟲積腹痛，小兒疳積。,https://sys01.lib.hkbu.edu.hk/cmed/mmid/detail.php?sort=name_cht&lang=cht&f_search=1&qry=%E4%BD%BF%E5%90%9B%E5%AD%90&extension=all&pid=B00255
35,小茴香,B,10,中小學,Xiaohuixiang,Foeniculi Fructus,果實及種子類,傘形科植物茴香Foeniculum vulgare Mill.的乾燥成熟果實。,原產歐洲，我國主產於內蒙古、甘肅、四川等地。,果實為雙懸果，呈圓柱形，有的稍彎曲，兩端略尖，長4~8mm，直徑1.5~2.5mm。表面黃綠或淡黃色，頂端殘留有黃棕色突起的柱基，基部有時有細小的果梗。分果呈長橢圓形，背面有縱棱5條，接合面平坦而較寬。橫切面略呈5邊形，背面的4邊約等長。有特異茴香氣，味微甜、辛。,以粒大飽滿、黃綠色、香氣濃者為佳。,辛，溫。,開胃進食，理氣散寒，有助陽道。主治：中焦有寒，食欲減退，噁心嘔吐，腹部冷痛；疝氣疼痛，睾丸腫痛；脾胃氣滯，脘腹脹滿作痛。,https://sys01.lib.hkbu.edu.hk/cmed/mmid/detail.php?sort=name_cht&lang=cht&f_search=1&qry=%E5%B0%8F%E8%8C%B4%E9%A6%99&extension=all&pid=B00215
36,薏苡仁,C,15,中小學,Yiyiren,Coicis Semen,果實及種子類,禾本科植物薏苡Coix lacryma-jobi L. var. ma-yuen (Roman.) Stapf的乾燥成熟種仁。,主產福建、河北、浙江等地。,種仁寬卵形或長橢圓形，長4~8mm，寬3~6mm。表面乳白色，光滑，偶有殘存的黃褐色種皮。一端鈍圓，另端較寬而微凹，有1淡棕色點狀種臍。背面圓凸，腹面有1條羅寬而深的縱溝。質堅實，斷面白色粉性。氣微，味微甜。以粒大充實、色白、無皮碎者為佳。,以粒大充實、色白、無皮碎者為佳。,甘、淡，微寒。,健脾滲濕，除痹止瀉。薏米可用於治療水腫、腳氣、小便不利、濕痹拘攣、脾虛泄瀉。,https://sys01.lib.hkbu.edu.hk/cmed/mmid/detail.php?sort=name_cht&lang=cht&f_search=1&qry=%E8%96%8F%E8%8B%A1%E4%BB%81&extension=all&pid=B00219
37,雞骨草,B,10,中小學,Jigucao,Abri Herba,全草類,豆科植物廣州相思子Abrus cantoniensis Hance及毛相思子Abrus mollis Hance的乾燥全草。,主產兩廣地區。,該品根多呈圓錐形，上粗下細，有分枝，長短不一，直徑0.5~1.5cm；表面灰棕色，粗糙，有細縱紋，支根極細，有的斷落或留有殘基；質硬。莖叢生，長50~100cm，直徑約0.2cm；灰棕色至紫褐色，小枝纖細，疏被或密被短柔毛。羽狀複葉互生，小葉8~11 對，多脫落，小葉矩圓形，廣州相思子葉長0.8~1.2cm，毛相思子葉長1.2~2.4cm，先端平截，有小突尖，下表面被伏毛。氣微香，味微苦。,以根莖結節狀、莖葉全者為佳。,甘、微苦，涼。,清熱解毒，舒肝止痛。用於黃疸，脅肋不舒，胃脘脹痛；急、慢性肝炎，乳腺炎。,https://sys01.lib.hkbu.edu.hk/cmed/mmid/detail.php?sort=name_cht&lang=cht&f_search=1&qry=%E9%9B%9E%E9%AA%A8%E8%8D%89&extension=all&pid=B00273
38,益母草,B,10,中學,Yimucao,Leonuri Herba,全草類,唇形科植物益母草Leonurus japonicus Houtt.的新鮮或乾燥地上部分。,全國各地。,鮮益母草：幼苗期無莖，基生葉圓心形，邊緣5~9淺裂，每裂片有2~3鈍齒。花前期莖呈方柱形，上部多分枝，四面凹下成縱溝，長30~60cm，直徑0.2~0.5cm ；表面青綠色；質鮮嫩，斷面中部有髓。葉交互對生，有柄；葉片青綠色，質鮮嫩，揉之有汁；下部莖生葉掌狀3 裂，上部葉羽狀深裂或淺裂成3 片，裂片全緣或具少數鋸齒。氣微，味微苦。乾益母草：莖表面灰綠色或黃綠色；體輕，質韌，斷面中部有髓。葉片灰綠色，多皺縮、破碎，易脫落。輪傘花序腋生，小花淡紫色，花萼筒狀，花冠二唇形。切段者長約2cm。,以枝嫩、黃綠色、帶葉花者為佳。,辛、苦，涼。,活血、祛淤、調經、消水。治療婦女月經不調，胎漏難產，胞衣不下，產後血暈，瘀血腹痛，崩中漏下，尿血、瀉血，癰腫瘡瘍。,https://sys01.lib.hkbu.edu.hk/cmed/mmid/detail.php?sort=name_cht&lang=cht&f_search=1&qry=%E7%9B%8A%E6%AF%8D%E8%8D%89&extension=all&pid=B00292
39,雞內金,C,8,中小學,Jineijin,Galli Gigerii Endothelium Coreneum,動物類,雉科動物家雞Gallus gallus domesticus Brisson的乾燥砂囊內壁。殺雞後，取出雞肫，立即取下內壁，洗淨，曬乾。,全國各地。,本品為不規則卷片，厚約2mm。表面黃色、黃綠色或黃褐色，薄而半透明，具明顯的條狀皺紋。質脆，易碎，斷面角質樣，有光澤。氣微腥，味微苦。,以完整少破碎、黃色者為佳。,甘，平。,健胃消食，澀精止遺。用於食積不消，嘔吐瀉痢，小兒疳積，遺尿，遺精。,https://sys01.lib.hkbu.edu.hk/cmed/mmid/detail.php?sort=name_cht&lang=cht&f_search=1&qry=%E9%9B%9E%E5%85%A7%E9%87%91&extension=all&pid=B00380
